{"cameraMode":{"drawMode":0,"name":"Shaded","section":"Shading Mode"},"sceneLighting":false,"audioPlay":false,"sceneViewState":{"m_AlwaysRefresh":false,"showFog":true,"showSkybox":false,"showFlares":true,"showImageEffects":true,"showParticleSystems":true,"showVisualEffectGraphs":true,"m_FxEnabled":true},"in2DMode":false,"pivot":{"x":103.78120422363281,"y":-24.355995178222658,"z":5.346549987792969},"rotation":{"x":-0.13912715017795564,"y":0.05882854387164116,"z":-0.008443181402981282,"w":-0.9886839985847473},"size":133.21788024902345,"orthographic":false}