{"cameraMode":{"drawMode":0,"name":"Shaded","section":"Shading Mode"},"sceneLighting":false,"audioPlay":false,"sceneViewState":{"m_AlwaysRefresh":false,"showFog":false,"showSkybox":false,"showFlares":false,"showImageEffects":false,"showParticleSystems":false,"showVisualEffectGraphs":true,"m_FxEnabled":true},"in2DMode":false,"pivot":{"x":0.0036557018756866457,"y":0.6376334428787231,"z":-0.027694106101989747},"rotation":{"x":-0.0005225313943810761,"y":0.999019980430603,"z":-0.0452999509871006,"w":-0.014675377868115902},"size":0.7361411452293396,"orthographic":false}