{"cameraMode":{"drawMode":0,"name":"Shaded","section":"Shading Mode"},"sceneLighting":true,"audioPlay":false,"sceneViewState":{"m_AlwaysRefresh":false,"showFog":true,"showSkybox":true,"showFlares":true,"showImageEffects":true,"showParticleSystems":true,"showVisualEffectGraphs":true,"m_FxEnabled":true},"in2DMode":false,"pivot":{"x":26.923364639282228,"y":38.930625915527347,"z":212.50119018554688},"rotation":{"x":-0.2590521275997162,"y":0.3438917100429535,"z":-0.09862153977155686,"w":-0.8973860144615173},"size":13.340222358703614,"orthographic":false}