{"cameraMode":{"drawMode":0,"name":"Shaded","section":"Shading Mode"},"sceneLighting":false,"audioPlay":false,"sceneViewState":{"m_AlwaysRefresh":false,"showFog":false,"showSkybox":false,"showFlares":false,"showImageEffects":false,"showParticleSystems":false,"showVisualEffectGraphs":true,"m_FxEnabled":true},"in2DMode":false,"pivot":{"x":0.004700362682342529,"y":1.496471881866455,"z":-0.0871749073266983},"rotation":{"x":-0.00026530722971074283,"y":0.9988563060760498,"z":-0.04979898780584335,"w":-0.011361127719283104},"size":2.173487901687622,"orthographic":false}