{"cameraMode":{"drawMode":0,"name":"Shaded","section":"Shading Mode"},"sceneLighting":false,"audioPlay":false,"sceneViewState":{"m_AlwaysRefresh":false,"showFog":true,"showSkybox":false,"showFlares":true,"showImageEffects":true,"showParticleSystems":true,"showVisualEffectGraphs":true,"m_FxEnabled":true},"in2DMode":false,"pivot":{"x":9.507580757141114,"y":-6.795154571533203,"z":54.80000305175781},"rotation":{"x":-0.052785664796829227,"y":-0.02603866159915924,"z":0.0010473973816260696,"w":-0.9984319806098938},"size":65.39035034179688,"orthographic":false}